Name,Team,playerid
Mitch Moreland,BOS,3086
Anthony Rizzo,CHC,3473
Leury Garcia,CWS,5913
Eduardo Escobar,ARI,6153
Ian Desmond,COL,6885
Max Stassi,LAA,10059
Greg Garcia,SDP,10951
Luke Maile,PIT,13355
Jose Peraza,BOS,13593
Jacob Stallings,PIT,13723
Daniel Robertson,TBR,14145
Phillip Ervin,CIN,14738
Kyle Farmer,CIN,14813
Mitch Garver,MIN,15161
Cole Sulser,BAL,15256
Alex Blandino,CIN,16271
Ian Happ,CHC,17919
Art Warren,SEA,18251
Jorge Alcala,MIN,19459
Michael King,NYY,19853
Tyler Rogers,SFG,15541
Bryan Abreu,HOU,16609
Jacob Webb,ATL,19274
Hunter Harvey,BAL,15507
Kevin Ginkel,ARI,19876
Jesus Luzardo,OAK,19959
Randy Dobnak,MIN,23798
James Karinchak,CLE,20151
Jared Walsh,LAA,18607
Zack Britton,NYY,3240
Jeremy Walker,ATL,19981
Aroldis Chapman,NYY,10233
Alex Reyes,STL,15015
Alex Avila,MIN,7476
Eric Yardley,MIL,15538
Emmanuel Clase,CLE,21032
Aaron Civale,CLE,19479
Will Harris,WSH,3192
Clayton Kershaw,LAD,2036
Josh Hader,MIL,14212
Kenley Jansen,LAD,3096
Dellin Betances,NYM,6216
Andrew Miller,STL,6785
Ben Heller,NYY,15100
Brandon Workman,BOS,11428
Jacob deGrom,NYM,10954
Victor Arano,PHI,15915
Reyes Moronta,SFG,14966
Justin Dunn,SEA,19268
Steve Cishek,CWS,6483
Max Scherzer,WSH,3137
Casey Sadler,CHC,11209
Roberto Osuna,HOU,13764
Darren O'Day,ATL,3321
Mike Soroka,ATL,18383
Mark Melancon,ATL,4264
Craig Kimbrel,CHC,6655
Will Smith,ATL,8048
Adam Ottavino,NYY,1247
Zac Gallen,ARI,19291
Hyun-Jin Ryu,TOR,14444
Ken Giles,TOR,12910
Rich Hill,MIN,4806
Tony Gonsolin,LAD,19388
Justin Verlander,HOU,8700
Ryan Helsley,STL,18138
Tony Watson,SFG,3132
Giovanny Gallegos,STL,14986
Zack Greinke,HOU,1943
Craig Stammen,SDP,7274
Corey Knebel,MIL,15010
David Robertson,PHI,8241
Michel Baez,SDP,20100
Blake Treinen,LAD,12572
Josh Taylor,BOS,17359
Taylor Rogers,MIN,13449
Richard Bleier,BAL,7803
Pedro Strop,CIN,4070
Pedro Baez,LAD,5420
Sean Doolittle,WSH,1581
Jeremy Jeffress,CHC,9490
Corey Kluber,TEX,2429
Sam Tuivailala,SEA,13485
Aaron Bummer,CWS,16258
Walker Buehler,LAD,19374
Alex Colome,CWS,6661
John Brebbia,STL,12777
Gerrit Cole,NYY,13125
Liam Hendriks,OAK,3548
Chad Green,NYY,15552
Raisel Iglesias,CIN,17130
A.J. Puk,OAK,19343
Jose Leclerc,TEX,14524
Julio Urias,LAD,14765
Scott Alexander,LAD,10591
Jack Flaherty,STL,17479
Mike Clevinger,CLE,12808
Kyle Hendricks,CHC,12049
Hector Rondon,ARI,2391
Madison Bumgarner,ARI,5524
Chris Devenski,HOU,12763
Chris Sale,BOS,10603
Carlos Martinez,STL,11682
Keynan Middleton,LAA,15264
Keone Kela,PIT,14696
Jose Castillo,SDP,17169
Blake Snell,TBR,13543
Jake Arrieta,PHI,4153
Rowan Wick,CHC,14646
Cody Stashak,MIN,18088
Yusmeiro Petit,OAK,4020
Brad Brach,NYM,6627
Dakota Hudson,STL,19206
Jeurys Familia,NYM,5114
Emilio Pagan,SDP,14771
Seranthony Dominguez,PHI,19249
Seth Lugo,NYM,12447
Jose Alvarado,TBR,17780
Stephen Strasburg,WSH,10131
Ryan Pressly,HOU,7005
Hector Neris,PHI,11804
Diego Castillo,TBR,17496
Noah Syndergaard,NYM,11762
Daniel Ponce de Leon,STL,16110
Edgar Santana,PIT,17355
Wade Davis,COL,7441
Nick Anderson,TBR,18337
Hunter Wood,CLE,15091
Edwin Diaz,NYM,14710
Chris Paddack,SDP,20099
Grant Dayton,ATL,11203
Kirby Yates,SDP,9073
Joe Smith,HOU,3281
Nick Wittgren,CLE,15594
Jose Alvarez,PHI,5358
Brad Hand,CLE,9111
Yoan Lopez,ARI,17181
Enderson Franco,SFG,11896
Kyle Keller,LAA,18890
J.D. Davis,NYM,16219
Justin Wilson,NYM,4301
James Pazos,COL,13323
Mychal Givens,BAL,10430
Tommy Hunter,PHI,1157
Alex Claudio,MIL,12890
Dallas Keuchel,CWS,9434
Jandel Gustave,SFG,14665
Kyle Crick,PIT,13182
Sergio Romo,MIN,9817
Brandon Kintzler,MIA,9939
Dylan Floro,LAD,13394
David Price,LAD,3184
Miles Mikolas,STL,9803
Luis Severino,NYY,15890
Yoshihisa Hirano,SEA,19756
Jordan Hicks,STL,19618
Johnny Cueto,SFG,6893
Aaron Nola,PHI,16149
David Phelps,MIL,6316
Ross Stripling,LAD,13273
Brad Peacock,HOU,5401
Garrett Richards,SDP,9784
Richard Rodriguez,PIT,13549
Drew Smith,NYM,17755
Jon Lester,CHC,4930
James Norwood,CHC,16440
Joakim Soria,OAK,6941
Tyler Clippard,MIN,5640
Cam Bedrosian,LAA,13360
Andrew Chafin,ARI,12988
Alex Young,ARI,18333
Charlie Morton,TBR,4676
Hansel Robles,LAA,11801
Sam Coonrod,SFG,17264
Carl Edwards Jr.,SEA,13607
Kelvin Herrera,CWS,6033
Carlos Carrasco,CLE,6632
Heath Hembree,BOS,11632
Adrian Houser,MIL,12718
Mike Minor,TEX,10021
Alex Wood,LAD,13781
Dan Altavilla,SEA,16507
Ryan Brasier,BOS,5615
James Paxton,NYY,11828
Brent Suter,MIL,13942
Dustin May,LAD,19716
Ryan Tepera,CHC,10291
Taylor Guilbeau,SEA,18306
Jameson Taillon,PIT,11674
Lance McCullers Jr.,HOU,14120
Ranger Suarez,PHI,17277
Dan Winkler,CHC,12237
Brad Keller,KCR,15734
Luis Castillo,CIN,15689
Lance Lynn,TEX,2520
Yonny Chirinos,TBR,16401
Cole Hamels,ATL,4972
Shane Bieber,CLE,19427
Tommy Kahnle,NYY,11384
Drew Steckenrider,MIA,18806
Sonny Gray,CIN,12768
Josh Staumont,KCR,18335
Justin Shafer,CIN,16132
J.A. Happ,NYY,7410
Alec Mills,CHC,13834
Sean Manaea,OAK,15873
Adam Kolarek,LAD,10843
Kevin McCarthy,KCR,15240
Marcus Stroman,NYM,13431
Chaz Roe,TBR,9866
Marcus Walden,BOS,8004
Yimi Garcia,MIA,12095
Austin Adams,SEA,13801
Matt Strahm,SDP,13799
Patrick Corbin,WSH,9323
Ryne Stanek,MIA,15947
Junior Guerra,ARI,5702
John Means,BAL,16269
Michael Fulmer,DET,13218
Ryne Harper,WSH,12680
Gio Gonzalez,CWS,7448
Nick Goody,TEX,13685
Zach Plesac,CLE,19979
Jake Odorizzi,MIN,6397
Chris Bassitt,OAK,12304
Kyle Ryan,CHC,11753
Sandy Alcantara,MIA,18684
Mike Montgomery,KCR,4869
Max Fried,ATL,13743
Jimmy Cordero,CWS,15690
Jose Quintana,CHC,11423
Scott Oberg,COL,13911
Frankie Montas,OAK,14309
Devin Smeltzer,MIN,19487
Jose Osuna,PIT,12937
Travis Lakins,BAL,18600
Ty Buttrey,LAA,14719
Trevor May,MIN,6398
Collin McHugh,BOS,7531
Kenta Maeda,MIN,18498
Brandon Woodruff,MIL,16162
Sean Newcomb,ATL,16943
Adam Cimber,CLE,15288
John Gant,STL,13684
Yu Darvish,CHC,13074
Oliver Perez,CLE,1514
Masahiro Tanaka,NYY,15764
Julio Teheran,LAA,6797
Hector Velazquez,BAL,19341
Jordan Montgomery,NYY,16511
Zach Davies,SDP,13183
Andres Munoz,SDP,20373
Zack Littell,MIN,15823
Chase Anderson,TOR,6895
Daniel Hudson,WSH,7146
Zack Wheeler,PHI,10310
Phillips Valdez,BOS,15605
Michael Lorenzen,CIN,14843
Jose Urquidy,HOU,18413
Devin Williams,MIL,15816
Archie Bradley,ARI,12918
Robbie Ray,ARI,11486
Lou Trivino,OAK,15043
Trevor Bauer,CIN,12703
Drew Pomeranz,SDP,11426
Rogelio Armenteros,HOU,17679
Brett Cecil,STL,2660
Anthony DeSclafani,CIN,13050
Ryan Yarbrough,TBR,16502
Austin Voth,WSH,15047
Matt Bowman,CIN,13528
Matt Magill,SEA,3950
Eduardo Rodriguez,BOS,13164
Tanner Roark,TOR,8753
Steven Matz,NYM,13361
Chris Archer,PIT,6345
Roenis Elias,WSH,12673
Joshua James,HOU,16794
Jake Newberry,KCR,15136
J.B. Wendelken,OAK,14506
Matt Barnes,BOS,12863
Taijuan Walker,SEA,11836
Daniel Zamora,NYM,17811
Carlos Rodon,CWS,16137
Matt Shoemaker,TOR,4776
Dereck Rodriguez,SFG,14509
Danny Duffy,KCR,3542
Tyler Webb,STL,14974
Robert Stock,PHI,6576
Scott Barlow,KCR,14993
Tim Hill,KCR,16814
Michael Wacha,NYM,14078
Caleb Ferguson,LAD,19349
Jake Diekman,OAK,5003
Joey Lucchesi,SDP,19320
Mike Fiers,OAK,7754
Kyle Freeland,COL,16256
Bryan Shaw,COL,8110
Zac Grotz,SEA,18256
Wander Suero,WSH,15855
James Hoyt,CLE,14605
Mike Leake,ARI,10130
Oliver Drake,TBR,8823
Jimmy Nelson,LAD,10547
Chris Martin,ATL,11847
Jose Berrios,MIN,14168
Trevor Williams,PIT,16977
Trevor Richards,TBR,19309
Mike Foltynewicz,ATL,10811
Marco Gonzales,SEA,15467
A.J. Minter,ATL,18655
Jarlin Garcia,SFG,18282
Joe Ross,WSH,12972
Jonathan Holder,NYY,16588
Jairo Diaz,COL,12774
Noe Ramirez,LAA,12800
Ryan Borucki,TOR,16350
Jeff Samardzija,SFG,3254
German Marquez,COL,15038
Kevin Gausman,SFG,14107
Jonathan Hernandez,TEX,17464
Miguel Castro,BAL,15684
Jesse Chavez,TEX,5448
Jose Cisnero,DET,6399
T.J. McFarland,OAK,3237
Colten Brewer,BOS,12997
Andrew Heaney,LAA,15423
Ian Kennedy,KCR,6986
Shawn Armstrong,BAL,12857
Sam Selman,SFG,13397
Brett Anderson,MIL,8223
Chad Kuhl,PIT,14975
Dinelson Lamet,SDP,17186
Joe Musgrove,PIT,12970
Kendall Graveman,SEA,15514
Jacob Waguespack,TOR,18318
Luke Weaver,ARI,16918
Anthony Bass,TOR,7982
Eric Lauer,MIL,19316
Ivan Nova,DET,1994
Jake McGee,COL,7550
Joe Kelly,LAD,9761
Tyler Chatwood,CHC,4338
Kyle Gibson,TEX,10123
Merrill Kelly,ARI,11156
Jon Duplantier,ARI,19546
Rick Porcello,NYM,2717
Adam Wainwright,STL,2233
Yency Almonte,COL,15068
Austin Gomber,STL,16561
Robert Gsellman,NYM,13696
Darwinzon Hernandez,BOS,19848
Jordan Yamamoto,MIA,17585
Jon Gray,COL,14916
Felix Pena,LAA,13403
Joel Payamps,ARI,14332
Ty France,SDP,17982
Michael Brosseau,TBR,19683
Luis Cessa,NYY,13345
Ian Hamilton,CWS,19261
Tyler Glasnow,TBR,14374
Deolis Guerra,PHI,8410
Nathan Eovaldi,BOS,9132
Daniel Norris,DET,13475
Paul Fry,BAL,15832
Trevor Gott,SFG,15046
Brandon Brennan,SEA,13527
Jose Urena,MIA,11589
Matt Andriese,LAA,12022
Griffin Canning,LAA,19867
Jaime Barria,LAA,18356
Wade Miley,CIN,8779
Duane Underwood Jr.,CHC,14677
Framber Valdez,HOU,17295
Lucas Giolito,CWS,15474
Carlos Estevez,COL,14542
Luke Jackson,ATL,11752
Brusdar Graterol,LAD,20367
Joel Kuhnel,CIN,19995
Caleb Smith,MIA,14875
Shane Greene,ATL,10756
Vince Velasquez,PHI,11189
Silvino Bracho,ARI,15051
Reynaldo Lopez,CWS,16400
Daniel Mengden,OAK,16980
Luke Farrell,TEX,15101
Dylan Bundy,LAA,12917
Colin Rea,CHC,12317
Tyler Anderson,SFG,12880
Jakob Junis,KCR,13619
Jalen Beeks,TBR,17192
Colin Poche,TBR,19403
Sean Reid-Foley,TOR,17034
Andrew Suarez,SFG,18300
Anibal Sanchez,WSH,3284
Alex Cobb,BAL,6562
Zach Eflin,PHI,13774
Justin Anderson,LAA,16201
Jesus Tinoco,COL,16300
Spencer Turnbull,DET,16207
Jesse Hahn,KCR,13287
T.J. Zeuch,TOR,19269
Pablo Lopez,MIA,17085
Brett Martin,TEX,17369
Chad Sobotka,ATL,17470
Kohl Stewart,BAL,15502
Jonathan Loaisiga,NYY,19753
Freddy Peralta,MIL,18679
Adam Morgan,PHI,12580
Phil Maton,CLE,18064
Adam Conley,MIA,14457
Randy Rosario,KCR,14508
Trent Thornton,TOR,17948
Sam Gaviglio,TOR,12778
Stefan Crichton,ARI,16058
Joe Biagini,HOU,13194
Tyler Alexander,DET,17735
Austin Pruitt,HOU,15290
Genesis Cabrera,STL,17490
Chi Chi Gonzalez,COL,14663
Chris Stratton,PIT,13761
Steven Brault,PIT,15291
Josh Osich,BOS,11528
Tyler Mahle,CIN,16358
Luke Bard,LAA,14288
Austin Brice,BOS,17237
Jeffrey Springs,BOS,17677
Martin Perez,BOS,6902
Robert Stephenson,CIN,13594
Matthew Boyd,DET,15440
Wandy Peralta,SFG,14295
Jace Fry,CWS,16159
Jeff Brigham,MIA,16631
Jharel Cotton,CHC,13654
Michael Feliz,PIT,11903
Tyler Duffey,MIN,13758
Touki Toussaint,ATL,16929
Brad Wieck,CHC,16390
Taylor Cole,LAA,11964
Evan Marshall,CWS,12297
Drew Smyly,SFG,11760
Michael Kopech,CWS,17282
Patrick Sandoval,LAA,19447
Ryan Weber,BOS,10160
Austin Davis,PHI,17117
Jordan Zimmermann,DET,4505
Adam Plutko,CLE,15846
Buck Farmer,DET,14814
Elieser Hernandez,MIA,16933
Jordan Lyles,TEX,7593
Amir Garrett,CIN,14375
Andrew Kittredge,TBR,12828
Brendan McKay,TBR,20186
Trey Wingenter,SDP,17793
Cal Quantrill,SDP,19312
Paul Sewald,NYM,13892
Luis Perdomo,SDP,14682
Paul Blackburn,OAK,14739
Javier Guerra,SDP,17292
Jefry Rodriguez,CLE,17018
Matt Wisler,MIN,12804
Logan Webb,SFG,17995
Tyler Kinley,COL,18297
Taylor Williams,SEA,14899
Rafael Montero,TEX,12760
Tyler Beede,SFG,16981
Anthony Banda,TBR,14706
Conner Menez,SFG,19199
Tanner Scott,BAL,17586
Taylor Clarke,ARI,17611
Wilmer Font,TOR,5257
Antonio Senzatela,COL,15488
Tyler Bashlor,NYM,15203
Nick Pivetta,PHI,15454
Elvis Luciano,TOR,20632
Jose Ruiz,CWS,14552
Erick Fedde,WSH,17425
Junior Fernandez,STL,18496
Joely Rodriguez,TEX,11487
Aaron Barrett,WSH,11243
Joe Jimenez,DET,15761
Cody Reed,CIN,15232
Thomas Pannone,TOR,17281
Shaun Anderson,SFG,19453
Pierce Johnson,SDP,13435
Yusei Kikuchi,SEA,20633
David McKay,DET,19814
Cy Sneed,HOU,16106
Lucas Sims,CIN,13470
Chris Mazza,BOS,14151
Homer Bailey,MIN,8362
Corbin Martin,ARI,19884
Enyel De Los Santos,PHI,18403
Dillon Peters,LAA,18790
Ray Black,MIL,14244
Erik Swanson,SEA,16587
Asher Wojciechowski,BAL,10836
Jose Quijada,LAA,19200
Robert Dugger,MIA,19191
Edgar Garcia,PHI,19276
Gregory Soto,DET,19677
Anthony Kay,TOR,20387
Dylan Cease,CWS,18525
Nestor Cortes,SEA,17874
Justus Sheffield,SEA,17285
Cole Irvin,PHI,19244
David Hess,BAL,16130
Ariel Jurado,TEX,17030
Sam Howard,PIT,16265
Stephen Tarpley,MIA,15859
Jorge Lopez,KCR,14527
Daniel Gossett,OAK,16164
Ronald Bolanos,SDP,20041
Tom Murphy,SEA,13499
Reggie McClain,PHI,19311
Glenn Sparkman,KCR,15200
Clay Holmes,PIT,13649
Kolby Allard,TEX,18694
Jose De Leon,CIN,15463
Corbin Burnes,MIL,19361
Jeff Hoffman,COL,17432
Logan Allen,CLE,18555
Lewis Thorpe,MIN,15906
Yacksel Rios,PIT,15007
Yohander Mendez,TEX,14391
Jacob Rhame,NYM,15267
John Schreiber,DET,20020
Josh D. Smith,CIN,13629
Dillon Tate,BAL,17796
Corey Oswalt,NYM,13677
Tanner Rainey,WSH,17610
David Bednar,SDP,19569
Carson Fulmer,CWS,18311
Stephen Gonsalves,NYM,15492
Eric Skoglund,KCR,16155
Burch Smith,OAK,12784
Cionel Perez,HOU,19614
Dovydas Neverauskas,PIT,11604
Tommy La Stella,LAA,12371
Jedd Gyorko,MIL,10816
Nick Margevicius,SEA,20395
Peter Fairbanks,TBR,17998
Bobby Wahl,MIL,14832
Bryse Wilson,ATL,19990
Mike Mayers,LAA,15451
Daniel Descalso,CHC,8392
Jose Suarez,LAA,19911
Mitch Keller,PIT,17594
Kevin Plawecki,BOS,13807
Peter Lambert,COL,17969
Adbert Alzolay,CHC,17859
Gabe Speier,KCR,17170
Phillip Diehl,COL,20030
Brock Burke,TEX,17968
Sean Poppen,MIN,19583
Gerardo Reyes,SDP,16306
Jordan Romano,TOR,16122
Richard Lovelady,KCR,19337
Kyle Wright,ATL,19665
Josh Lindblom,MIL,7882
Josh Sborz,LAD,18323
Dillon Maples,CHC,14672
Chance Adams,KCR,18135
Evan Phillips,BAL,17734
Kyle McGowin,WSH,15071
Walker Lockett,NYM,13804
Jeff Mathis,TEX,3448
Chris Davis,BAL,9272
Victor Caratini,CHC,14968
Geoff Hartlieb,PIT,19558
Cody Carroll,BAL,17664
Joseph Palumbo,TEX,17035
Dennis Santana,LAD,17878
Matt Hall,BOS,18076
Michael Shawaryn,BOS,19495
Adrian Morejon,SDP,20039
Kyle Zimmer,KCR,14169
Nick Burdi,PIT,16074
Austen Williams,WSH,16309
Gerson Bautista,SEA,19256
Bryan Garcia,DET,19457
Scott Kingery,PHI,17975
Hanser Alberto,BAL,11902
Huascar Ynoa,ATL,20468
Roman Quinn,PHI,13546
Alex Gordon,KCR,5209
Mike Ford,NYY,15585
Austin Romine,DET,5491
Ehire Adrianza,MIN,8418
Yennsy Diaz,TOR,20218
Dylan Moore,SEA,18042
Willians Astudillo,MIN,15608
James Bourque,WSH,16668
Enrique Hernandez,LAD,10472
Taylor Hearn,TEX,18325
